R² Score,Mean Absolute Error (MAE)
0.778514037222962,6.8200531363090375
